<?xml version="1.0" encoding="UTF-8"?><rss version="2.0"
	xmlns:content="http://purl.org/rss/1.0/modules/content/"
	xmlns:dc="http://purl.org/dc/elements/1.1/"
	xmlns:atom="http://www.w3.org/2005/Atom"
	xmlns:sy="http://purl.org/rss/1.0/modules/syndication/"
	
	>
<channel>
	<title>
	Comments on: Ecologically and Biologically Significant Areas	</title>
	<atom:link href="https://stage.geo.ca/ecologically-and-biologically-significant-areas/feed/" rel="self" type="application/rss+xml" />
	<link>https://stage.geo.ca/ecologically-and-biologically-significant-areas/</link>
	<description></description>
	<lastBuildDate>Tue, 09 Mar 2021 20:01:08 +0000</lastBuildDate>
	<sy:updatePeriod>
	hourly	</sy:updatePeriod>
	<sy:updateFrequency>
	1	</sy:updateFrequency>
	<generator>https://wordpress.org/?v=5.7.2</generator>
</channel>
</rss>
